config_idx,config_label,model,optimizer,lr0,batch,imgsz,weight_decay,fold,mAP50,mAP50_95,precision,recall,duration_s
1,cfg01_yolov8n_SGD_lr0.001,yolov8n.pt,SGD,0.001,8,512,0.0005,1,0.9888197749564087,0.6983591895181991,0.9673907356472359,0.9467915343206803,195.1
1,cfg01_yolov8n_SGD_lr0.001,yolov8n.pt,SGD,0.001,8,512,0.0005,2,0.9607167300530093,0.6875186881648813,0.9355984820379457,0.9372698934784175,172.2
1,cfg01_yolov8n_SGD_lr0.001,yolov8n.pt,SGD,0.001,8,512,0.0005,3,0.9809457822076793,0.7109918401592262,0.9538532061996726,0.934243794507448,146.0
2,cfg02_yolov8n_SGD_lr0.001,yolov8n.pt,SGD,0.001,16,512,0.0005,1,0.9782502613137983,0.6741619618714274,0.9378813235943887,0.9637200877753108,116.7
2,cfg02_yolov8n_SGD_lr0.001,yolov8n.pt,SGD,0.001,16,512,0.0005,2,0.963875861729702,0.6971028301385797,0.943846387216553,0.9193548387096774,127.6
2,cfg02_yolov8n_SGD_lr0.001,yolov8n.pt,SGD,0.001,16,512,0.0005,3,0.9762478457913926,0.7119447675372604,0.9204961568561464,0.9661016949152542,139.7
3,cfg03_yolov8n_SGD_lr0.001,yolov8n.pt,SGD,0.001,8,640,0.0005,1,0.9781331512187719,0.6922108875325891,0.9670325106789195,0.9361568854476656,167.3
3,cfg03_yolov8n_SGD_lr0.001,yolov8n.pt,SGD,0.001,8,640,0.0005,2,0.9599274464352512,0.6929205767365476,0.9495146464890988,0.9100571484084029,195.0
3,cfg03_yolov8n_SGD_lr0.001,yolov8n.pt,SGD,0.001,8,640,0.0005,3,0.9698805578213142,0.7042772807006191,0.9382469018187405,0.9442335828190609,137.3
4,cfg04_yolov8n_SGD_lr0.001,yolov8n.pt,SGD,0.001,16,640,0.0005,1,0.9850893340718903,0.6982608696919839,0.9811911197636759,0.9468085106382979,181.6
4,cfg04_yolov8n_SGD_lr0.001,yolov8n.pt,SGD,0.001,16,640,0.0005,2,0.9634509910909467,0.6904929572403827,0.9307318963020665,0.9391276039683425,151.1
4,cfg04_yolov8n_SGD_lr0.001,yolov8n.pt,SGD,0.001,16,640,0.0005,3,0.9734403553791618,0.7012007527111472,0.9451998072591321,0.9548022598870056,168.6
5,cfg05_yolov8n_SGD_lr0.001,yolov8n.pt,SGD,0.001,8,512,0.001,1,0.9823557817109974,0.687489611188419,0.9453865976499721,0.9468085106382979,186.0
5,cfg05_yolov8n_SGD_lr0.001,yolov8n.pt,SGD,0.001,8,512,0.001,2,0.9631483837814816,0.6918678432802212,0.9510663718948089,0.9408602150537635,185.2
5,cfg05_yolov8n_SGD_lr0.001,yolov8n.pt,SGD,0.001,8,512,0.001,3,0.9792360351042262,0.7074024231521507,0.9364180990619827,0.943502824858757,137.1
6,cfg06_yolov8n_SGD_lr0.001,yolov8n.pt,SGD,0.001,16,512,0.001,1,0.9785756354579656,0.6847718711861494,0.9511802529346388,0.9574468085106383,135.8
6,cfg06_yolov8n_SGD_lr0.001,yolov8n.pt,SGD,0.001,16,512,0.001,2,0.9697209508306475,0.6993013934505928,0.9496600987983675,0.9408602150537635,137.8
6,cfg06_yolov8n_SGD_lr0.001,yolov8n.pt,SGD,0.001,16,512,0.001,3,0.9820234967626749,0.7207097450879585,0.9361448350895899,0.9491525423728814,139.9
7,cfg07_yolov8n_SGD_lr0.001,yolov8n.pt,SGD,0.001,8,640,0.001,1,0.9781263124641859,0.6990225600567099,0.9291181580571287,0.9521276595744681,144.3
7,cfg07_yolov8n_SGD_lr0.001,yolov8n.pt,SGD,0.001,8,640,0.001,2,0.968661024543118,0.691895756013294,0.9710748842565349,0.9193548387096774,215.1
7,cfg07_yolov8n_SGD_lr0.001,yolov8n.pt,SGD,0.001,8,640,0.001,3,0.9879514399396605,0.7260065291442481,0.965219232236636,0.9407377348713158,212.1
8,cfg08_yolov8n_SGD_lr0.001,yolov8n.pt,SGD,0.001,16,640,0.001,1,0.9829411708304321,0.6953001795565434,0.9827921423334537,0.9361702127659575,178.3
8,cfg08_yolov8n_SGD_lr0.001,yolov8n.pt,SGD,0.001,16,640,0.001,2,0.9652050148953695,0.68606797108496,0.9395176299181824,0.9186655741763269,144.0
8,cfg08_yolov8n_SGD_lr0.001,yolov8n.pt,SGD,0.001,16,640,0.001,3,0.9779187175321459,0.7045403860150974,0.932686644933422,0.9548022598870056,168.3
9,cfg09_yolov8n_SGD_lr0.005,yolov8n.pt,SGD,0.005,8,512,0.0005,1,0.98546023421339,0.6785611624650189,0.9376381837436514,0.9597165500021043,148.4
9,cfg09_yolov8n_SGD_lr0.005,yolov8n.pt,SGD,0.005,8,512,0.0005,2,0.9692467714625849,0.6922514041891075,0.9679995643410277,0.9139784946236559,186.3
9,cfg09_yolov8n_SGD_lr0.005,yolov8n.pt,SGD,0.005,8,512,0.0005,3,0.9794218557272457,0.7136743784503597,0.9394634783639403,0.9644611732228663,186.0
10,cfg10_yolov8n_SGD_lr0.005,yolov8n.pt,SGD,0.005,16,512,0.0005,1,0.9859762389021766,0.6754470408901612,0.9623133593101524,0.9468085106382979,117.8
10,cfg10_yolov8n_SGD_lr0.005,yolov8n.pt,SGD,0.005,16,512,0.0005,2,0.9697902146266931,0.695549988781431,0.9827319706904302,0.9179171715471849,137.8
10,cfg10_yolov8n_SGD_lr0.005,yolov8n.pt,SGD,0.005,16,512,0.0005,3,0.9808826218783451,0.7094032350037575,0.9805047662953645,0.9322033898305084,137.4
11,cfg11_yolov8n_SGD_lr0.005,yolov8n.pt,SGD,0.005,8,640,0.0005,1,0.9836344192848011,0.6800033732186155,0.9555112841141219,0.9627659574468085,176.8
11,cfg11_yolov8n_SGD_lr0.005,yolov8n.pt,SGD,0.005,8,640,0.0005,2,0.9709169545790974,0.7013081495805815,0.9886127389636161,0.9335278496757462,215.9
11,cfg11_yolov8n_SGD_lr0.005,yolov8n.pt,SGD,0.005,8,640,0.0005,3,0.9819173317849578,0.7185493608113552,0.9706483700435082,0.9341786634630326,219.8
12,cfg12_yolov8n_SGD_lr0.005,yolov8n.pt,SGD,0.005,16,640,0.0005,1,0.9824305247091283,0.6812955545707623,0.9775967928575297,0.9627659574468085,182.3
12,cfg12_yolov8n_SGD_lr0.005,yolov8n.pt,SGD,0.005,16,640,0.0005,2,0.9652221359760494,0.6898965276157419,0.9664398572923495,0.9289486855276329,182.0
12,cfg12_yolov8n_SGD_lr0.005,yolov8n.pt,SGD,0.005,16,640,0.0005,3,0.9842737415437895,0.7080808409337082,0.9761642054723362,0.9209039548022598,181.9
13,cfg13_yolov8n_SGD_lr0.005,yolov8n.pt,SGD,0.005,8,512,0.001,1,0.9893378009025178,0.6946621024394287,0.9786741107019589,0.9764189306357267,187.8
13,cfg13_yolov8n_SGD_lr0.005,yolov8n.pt,SGD,0.005,8,512,0.001,2,0.9661666696236086,0.6861948209003186,0.9421471454742052,0.9193548387096774,155.2
13,cfg13_yolov8n_SGD_lr0.005,yolov8n.pt,SGD,0.005,8,512,0.001,3,0.9863820327338578,0.7222131844130809,0.9864791712424572,0.9322033898305084,191.5
14,cfg14_yolov8n_SGD_lr0.005,yolov8n.pt,SGD,0.005,16,512,0.001,1,0.9711586819825833,0.6741972652412259,0.960584367977243,0.9414893617021277,113.1
14,cfg14_yolov8n_SGD_lr0.005,yolov8n.pt,SGD,0.005,16,512,0.001,2,0.9726552162241232,0.6943500092047192,0.9612862599122797,0.9623655913978495,139.1
14,cfg14_yolov8n_SGD_lr0.005,yolov8n.pt,SGD,0.005,16,512,0.001,3,0.9854332452488086,0.7155231940205616,0.9651418776427082,0.943502824858757,138.3
15,cfg15_yolov8n_SGD_lr0.005,yolov8n.pt,SGD,0.005,8,640,0.001,1,0.9866942063450195,0.6840485541022028,0.9784844158311173,0.9676180169531233,187.2
15,cfg15_yolov8n_SGD_lr0.005,yolov8n.pt,SGD,0.005,8,640,0.001,2,0.9554631998361529,0.6787689294237707,0.9393315266668433,0.9156691844863888,126.6
15,cfg15_yolov8n_SGD_lr0.005,yolov8n.pt,SGD,0.005,8,640,0.001,3,0.9892172865673712,0.7152986238456223,0.971096018111746,0.9490769660261186,217.1
16,cfg16_yolov8n_SGD_lr0.005,yolov8n.pt,SGD,0.005,16,640,0.001,1,0.978717272839356,0.6805487195855857,0.9913225871492891,0.9202127659574468,179.1
16,cfg16_yolov8n_SGD_lr0.005,yolov8n.pt,SGD,0.005,16,640,0.001,2,0.960200649291991,0.6919251816918244,0.9506744530252276,0.9247311827956989,145.4
16,cfg16_yolov8n_SGD_lr0.005,yolov8n.pt,SGD,0.005,16,640,0.001,3,0.9825501243940641,0.7059175119541169,0.9880794395764456,0.9366010077874485,179.2
17,cfg17_yolov8n_AdamW_lr0.001,yolov8n.pt,AdamW,0.001,8,512,0.0005,1,0.9787013425699377,0.6849236488208266,0.9544899615821602,0.9574468085106383,182.0
17,cfg17_yolov8n_AdamW_lr0.001,yolov8n.pt,AdamW,0.001,8,512,0.0005,2,0.9671713401121227,0.6982281255100113,0.9719459295673386,0.9313346321231626,187.9
17,cfg17_yolov8n_AdamW_lr0.001,yolov8n.pt,AdamW,0.001,8,512,0.0005,3,0.9813437237536206,0.7204217071846847,0.9706491263652139,0.9342035067082148,187.6
18,cfg18_yolov8n_AdamW_lr0.001,yolov8n.pt,AdamW,0.001,16,512,0.0005,1,0.9805696318471211,0.688648650295886,0.9833289494602343,0.9412389212921128,141.8
18,cfg18_yolov8n_AdamW_lr0.001,yolov8n.pt,AdamW,0.001,16,512,0.0005,2,0.9692247498780646,0.6975609236669185,0.9753060971723472,0.9301075268817204,142.7
18,cfg18_yolov8n_AdamW_lr0.001,yolov8n.pt,AdamW,0.001,16,512,0.0005,3,0.9775899950072288,0.7107516019916956,0.9342072990308612,0.9626686918652829,144.3
19,cfg19_yolov8n_AdamW_lr0.001,yolov8n.pt,AdamW,0.001,8,640,0.0005,1,0.9816953293975362,0.6893155065075345,0.9934665987005225,0.9361702127659575,221.1
19,cfg19_yolov8n_AdamW_lr0.001,yolov8n.pt,AdamW,0.001,8,640,0.0005,2,0.9680577554322468,0.6943254157833508,0.9697856744638695,0.9193548387096774,222.7
19,cfg19_yolov8n_AdamW_lr0.001,yolov8n.pt,AdamW,0.001,8,640,0.0005,3,0.9746264511568622,0.6990915455989171,0.9735024621064506,0.9265536723163842,223.7
20,cfg20_yolov8n_AdamW_lr0.001,yolov8n.pt,AdamW,0.001,16,640,0.0005,1,0.9788274549528667,0.676361413156564,0.9815367897741516,0.9308510638297872,183.1
20,cfg20_yolov8n_AdamW_lr0.001,yolov8n.pt,AdamW,0.001,16,640,0.0005,2,0.9691975500158508,0.6957546272222649,0.9820727217858252,0.9193548387096774,184.5
20,cfg20_yolov8n_AdamW_lr0.001,yolov8n.pt,AdamW,0.001,16,640,0.0005,3,0.977902792710979,0.7091343328435575,0.9743197990681751,0.9378531073446328,184.0
21,cfg21_yolov8n_AdamW_lr0.001,yolov8n.pt,AdamW,0.001,8,512,0.001,1,0.9792485595887247,0.6804787716236556,0.9887226717608232,0.93270344812898,124.0
21,cfg21_yolov8n_AdamW_lr0.001,yolov8n.pt,AdamW,0.001,8,512,0.001,2,0.9691489601774909,0.703486011114904,0.9604253637402808,0.9354838709677419,186.9
21,cfg21_yolov8n_AdamW_lr0.001,yolov8n.pt,AdamW,0.001,8,512,0.001,3,0.9895451649105318,0.7193086169129471,0.9769281086163423,0.9569066745326744,187.9
22,cfg22_yolov8n_AdamW_lr0.001,yolov8n.pt,AdamW,0.001,16,512,0.001,1,0.978029741861921,0.680367025903449,1.0,0.9465188814701226,140.3
22,cfg22_yolov8n_AdamW_lr0.001,yolov8n.pt,AdamW,0.001,16,512,0.001,2,0.9598947036750761,0.6950086119857255,0.9746160551621983,0.9086021505376344,139.7
22,cfg22_yolov8n_AdamW_lr0.001,yolov8n.pt,AdamW,0.001,16,512,0.001,3,0.9844314196382608,0.720710920795457,0.9712274792118266,0.9535475471575218,139.4
23,cfg23_yolov8n_AdamW_lr0.001,yolov8n.pt,AdamW,0.001,8,640,0.001,1,0.9755880853581183,0.6830046200051847,0.9672883928289012,0.9437364923180527,173.0
23,cfg23_yolov8n_AdamW_lr0.001,yolov8n.pt,AdamW,0.001,8,640,0.001,2,0.9725561683220024,0.6930358724189459,0.9769538513146485,0.9354838709677419,215.6
23,cfg23_yolov8n_AdamW_lr0.001,yolov8n.pt,AdamW,0.001,8,640,0.001,3,0.9848654568323306,0.6992560735672951,0.9658107645395781,0.96045197740113,215.6
24,cfg24_yolov8n_AdamW_lr0.001,yolov8n.pt,AdamW,0.001,16,640,0.001,1,0.9801056556135304,0.6978397407542383,0.9730836600683953,0.9614986627164679,180.2
24,cfg24_yolov8n_AdamW_lr0.001,yolov8n.pt,AdamW,0.001,16,640,0.001,2,0.9696583896036657,0.6997193760124938,0.9630248428099116,0.9193548387096774,180.0
24,cfg24_yolov8n_AdamW_lr0.001,yolov8n.pt,AdamW,0.001,16,640,0.001,3,0.9804194145389966,0.7123542472771948,0.9601387946387946,0.9526028045802057,180.9
25,cfg25_yolov8n_AdamW_lr0.005,yolov8n.pt,AdamW,0.005,8,512,0.0005,1,0.977681980371227,0.6704604677348599,0.9738735292833786,0.9308510638297872,187.2
25,cfg25_yolov8n_AdamW_lr0.005,yolov8n.pt,AdamW,0.005,8,512,0.0005,2,0.9617271105252718,0.6777177948752817,0.9568112903344663,0.9086021505376344,190.3
25,cfg25_yolov8n_AdamW_lr0.005,yolov8n.pt,AdamW,0.005,8,512,0.0005,3,0.9812285452478362,0.6848866888678243,0.9577382454521662,0.943502824858757,190.9
26,cfg26_yolov8n_AdamW_lr0.005,yolov8n.pt,AdamW,0.005,16,512,0.0005,1,0.9777661516894132,0.686301020805752,0.9833989123737436,0.9452775977598673,140.4
26,cfg26_yolov8n_AdamW_lr0.005,yolov8n.pt,AdamW,0.005,16,512,0.0005,2,0.9709308898055791,0.6820020696872078,0.9768821477475331,0.9087451767422607,141.2
26,cfg26_yolov8n_AdamW_lr0.005,yolov8n.pt,AdamW,0.005,16,512,0.0005,3,0.9884640451234654,0.7161038640061596,0.9497077291001087,0.9601931353343783,139.7
27,cfg27_yolov8n_AdamW_lr0.005,yolov8n.pt,AdamW,0.005,8,640,0.0005,1,0.9772729475981029,0.6910928207402904,0.984174219222326,0.9414893617021277,219.0
27,cfg27_yolov8n_AdamW_lr0.005,yolov8n.pt,AdamW,0.005,8,640,0.0005,2,0.9681733208225912,0.6697463192742495,0.9452310877569153,0.946236559139785,222.6
27,cfg27_yolov8n_AdamW_lr0.005,yolov8n.pt,AdamW,0.005,8,640,0.0005,3,0.9818545455400532,0.6749256184307835,0.9570782904116237,0.9491525423728814,224.0
28,cfg28_yolov8n_AdamW_lr0.005,yolov8n.pt,AdamW,0.005,16,640,0.0005,1,0.9814970864703668,0.6876075433243064,0.9731555067930082,0.9680851063829787,182.4
28,cfg28_yolov8n_AdamW_lr0.005,yolov8n.pt,AdamW,0.005,16,640,0.0005,2,0.9623835012229942,0.693633312163337,0.9702977843300745,0.9032258064516129,180.5
28,cfg28_yolov8n_AdamW_lr0.005,yolov8n.pt,AdamW,0.005,16,640,0.0005,3,0.985438531650251,0.6955220146133214,0.9607444515141678,0.943502824858757,179.6
29,cfg29_yolov8n_AdamW_lr0.005,yolov8n.pt,AdamW,0.005,8,512,0.001,1,0.9778126990224782,0.6806799652775946,0.9645502188898619,0.9468085106382979,185.1
29,cfg29_yolov8n_AdamW_lr0.005,yolov8n.pt,AdamW,0.005,8,512,0.001,2,0.9664960875817564,0.6686207421271492,0.9743519483202023,0.9139784946236559,192.1
29,cfg29_yolov8n_AdamW_lr0.005,yolov8n.pt,AdamW,0.005,8,512,0.001,3,0.9810972090745899,0.6841458073833251,0.947868309777182,0.943502824858757,191.4
30,cfg30_yolov8n_AdamW_lr0.005,yolov8n.pt,AdamW,0.005,16,512,0.001,1,0.9756366387572353,0.676884417674414,0.9670346453740163,0.9574468085106383,140.5
30,cfg30_yolov8n_AdamW_lr0.005,yolov8n.pt,AdamW,0.005,16,512,0.001,2,0.9649546902652795,0.6932171343921913,0.97468899491888,0.9139784946236559,143.6
30,cfg30_yolov8n_AdamW_lr0.005,yolov8n.pt,AdamW,0.005,16,512,0.001,3,0.9796314378416404,0.6945813913161407,0.9550340704447893,0.9717514124293786,145.6
31,cfg31_yolov8n_AdamW_lr0.005,yolov8n.pt,AdamW,0.005,8,640,0.001,1,0.9770788846674967,0.6693168154245821,1.0,0.9356474654557655,219.8
31,cfg31_yolov8n_AdamW_lr0.005,yolov8n.pt,AdamW,0.005,8,640,0.001,2,0.9675102295068779,0.6767159246599623,0.9349611380313756,0.956989247311828,220.3
31,cfg31_yolov8n_AdamW_lr0.005,yolov8n.pt,AdamW,0.005,8,640,0.001,3,0.9793111231871424,0.6975774678392378,0.9334789339791951,0.9513859082119475,214.7
32,cfg32_yolov8n_AdamW_lr0.005,yolov8n.pt,AdamW,0.005,16,640,0.001,1,0.9802316769918273,0.6872228045574029,0.9819752694636575,0.9468085106382979,181.1
32,cfg32_yolov8n_AdamW_lr0.005,yolov8n.pt,AdamW,0.005,16,640,0.001,2,0.9585664619175608,0.6936404533909217,0.9450418056614294,0.9244984742466708,183.6
32,cfg32_yolov8n_AdamW_lr0.005,yolov8n.pt,AdamW,0.005,16,640,0.001,3,0.980838090284373,0.696321249182585,0.9597203898151393,0.9265536723163842,181.5
33,cfg33_yolov8s_SGD_lr0.001,yolov8s.pt,SGD,0.001,8,512,0.0005,1,0.9816638386375449,0.6867586999400291,0.9677936259530188,0.959040689625796,153.9
33,cfg33_yolov8s_SGD_lr0.001,yolov8s.pt,SGD,0.001,8,512,0.0005,2,0.9698095958710071,0.699123964215228,0.9698516373866761,0.9354838709677419,222.8
33,cfg33_yolov8s_SGD_lr0.001,yolov8s.pt,SGD,0.001,8,512,0.0005,3,0.9876506462313395,0.7297014533690473,0.9705134795152944,0.9548022598870056,171.6
34,cfg34_yolov8s_SGD_lr0.001,yolov8s.pt,SGD,0.001,16,512,0.0005,1,0.9880632816044228,0.6982492876051907,0.9781745922795891,0.9680851063829787,154.3
34,cfg34_yolov8s_SGD_lr0.001,yolov8s.pt,SGD,0.001,16,512,0.0005,2,0.9658974683487223,0.7036818180026042,0.969218752752048,0.9247311827956989,196.4
34,cfg34_yolov8s_SGD_lr0.001,yolov8s.pt,SGD,0.001,16,512,0.0005,3,0.9846466095591833,0.7331687935854566,0.9601406254739587,0.9526483168667726,164.9
35,cfg35_yolov8s_SGD_lr0.001,yolov8s.pt,SGD,0.001,8,640,0.0005,1,0.9892078039176174,0.7002275709220654,0.9768036656925545,0.9468085106382979,269.6
35,cfg35_yolov8s_SGD_lr0.001,yolov8s.pt,SGD,0.001,8,640,0.0005,2,0.9657792271800476,0.7003679457381481,0.9553072664219794,0.946236559139785,242.6
35,cfg35_yolov8s_SGD_lr0.001,yolov8s.pt,SGD,0.001,8,640,0.0005,3,0.9788782364258428,0.7263171374619456,0.9638614904862014,0.9378531073446328,300.2
36,cfg36_yolov8s_SGD_lr0.001,yolov8s.pt,SGD,0.001,16,640,0.0005,1,0.9880444184584845,0.7007423692405419,0.9835056813860895,0.9514967308875244,221.0
36,cfg36_yolov8s_SGD_lr0.001,yolov8s.pt,SGD,0.001,16,640,0.0005,2,0.9684704592586486,0.7014349578106251,0.9612017486252791,0.9323755531579039,274.8
36,cfg36_yolov8s_SGD_lr0.001,yolov8s.pt,SGD,0.001,16,640,0.0005,3,0.9786414946689879,0.7293797429513951,0.9818555569175916,0.9322033898305084,276.4
37,cfg37_yolov8s_SGD_lr0.001,yolov8s.pt,SGD,0.001,8,512,0.001,1,0.9830976062729242,0.6936563154407898,0.9839681324273098,0.9468085106382979,205.6
37,cfg37_yolov8s_SGD_lr0.001,yolov8s.pt,SGD,0.001,8,512,0.001,2,0.9721989121364144,0.6991915751851216,0.9670718332478119,0.9473964857989436,202.5
37,cfg37_yolov8s_SGD_lr0.001,yolov8s.pt,SGD,0.001,8,512,0.001,3,0.9899400872667437,0.7356289785379151,0.9879958274103718,0.9300009250574223,226.7
38,cfg38_yolov8s_SGD_lr0.001,yolov8s.pt,SGD,0.001,16,512,0.001,1,0.986994828351447,0.69958859177949,0.9723647326325521,0.9680851063829787,139.0
38,cfg38_yolov8s_SGD_lr0.001,yolov8s.pt,SGD,0.001,16,512,0.001,2,0.9622716438613953,0.6917043485460262,0.9495299908554526,0.9103492046812622,119.0
38,cfg38_yolov8s_SGD_lr0.001,yolov8s.pt,SGD,0.001,16,512,0.001,3,0.9866243138873954,0.729177965505475,0.9823462538742733,0.9431410052878979,172.8
39,cfg39_yolov8s_SGD_lr0.001,yolov8s.pt,SGD,0.001,8,640,0.001,1,0.9810501962676402,0.694993089999709,0.9525967213185258,0.9620261598985003,200.2
39,cfg39_yolov8s_SGD_lr0.001,yolov8s.pt,SGD,0.001,8,640,0.001,2,0.9654813122718715,0.705432912140134,0.9656027519769314,0.946236559139785,295.5
39,cfg39_yolov8s_SGD_lr0.001,yolov8s.pt,SGD,0.001,8,640,0.001,3,0.9736571084298042,0.7202472270490798,0.9706600719108835,0.9152542372881356,179.0
40,cfg40_yolov8s_SGD_lr0.001,yolov8s.pt,SGD,0.001,16,640,0.001,1,0.9845777585999033,0.7012819364036587,0.9704602886852978,0.9521276595744681,210.9
40,cfg40_yolov8s_SGD_lr0.001,yolov8s.pt,SGD,0.001,16,640,0.001,2,0.9643332940333963,0.7076558936802353,0.956182971020011,0.9408602150537635,270.0
40,cfg40_yolov8s_SGD_lr0.001,yolov8s.pt,SGD,0.001,16,640,0.001,3,0.9766325327174376,0.736407645326265,0.9876652343646066,0.9265536723163842,226.1
41,cfg41_yolov8s_SGD_lr0.005,yolov8s.pt,SGD,0.005,8,512,0.0005,1,0.9842719129300185,0.685220195063889,0.9726455873996858,0.9456743978020573,130.9
41,cfg41_yolov8s_SGD_lr0.005,yolov8s.pt,SGD,0.005,8,512,0.0005,2,0.9526165354543833,0.6846277011575261,0.9355631214709987,0.9367188579768273,142.6
41,cfg41_yolov8s_SGD_lr0.005,yolov8s.pt,SGD,0.005,8,512,0.0005,3,0.9890727012931044,0.7298756579295704,0.9939604777866917,0.9298163083473817,225.2
42,cfg42_yolov8s_SGD_lr0.005,yolov8s.pt,SGD,0.005,16,512,0.0005,1,0.9883830052455315,0.6890009264528633,0.9621614050054048,0.9521276595744681,160.2
42,cfg42_yolov8s_SGD_lr0.005,yolov8s.pt,SGD,0.005,16,512,0.0005,2,0.9699354326977319,0.7054696647040359,0.975175966669332,0.9408602150537635,198.3
42,cfg42_yolov8s_SGD_lr0.005,yolov8s.pt,SGD,0.005,16,512,0.0005,3,0.9759710589924393,0.7165581802898799,0.9652042206850299,0.9403171287229258,194.7
43,cfg43_yolov8s_SGD_lr0.005,yolov8s.pt,SGD,0.005,8,640,0.0005,1,0.9616767585643343,0.6806788509095694,0.9455831325535135,0.9242953400754819,137.4
43,cfg43_yolov8s_SGD_lr0.005,yolov8s.pt,SGD,0.005,8,640,0.0005,2,0.9648890943475106,0.6991622740194554,0.9564625606044788,0.9448974063669404,271.5
43,cfg43_yolov8s_SGD_lr0.005,yolov8s.pt,SGD,0.005,8,640,0.0005,3,0.9868390238541759,0.7284851712028994,0.9598634804793194,0.9457974016103907,279.0
44,cfg44_yolov8s_SGD_lr0.005,yolov8s.pt,SGD,0.005,16,640,0.0005,1,0.9900611782544136,0.688190994490014,0.9946957559321304,0.9574468085106383,159.9
44,cfg44_yolov8s_SGD_lr0.005,yolov8s.pt,SGD,0.005,16,640,0.0005,2,0.9606258002037908,0.6978751340420517,0.9416349715599568,0.9541416468564923,252.0
44,cfg44_yolov8s_SGD_lr0.005,yolov8s.pt,SGD,0.005,16,640,0.0005,3,0.9798809148848916,0.7180845585018535,0.9878124815671009,0.915835455383478,218.8
45,cfg45_yolov8s_SGD_lr0.005,yolov8s.pt,SGD,0.005,8,512,0.001,1,0.9764079896018029,0.6852009200744368,0.9797089776181739,0.9361702127659575,201.7
45,cfg45_yolov8s_SGD_lr0.005,yolov8s.pt,SGD,0.005,8,512,0.001,2,0.9777818756735746,0.6889428462518392,0.9539290686046068,0.9247311827956989,155.2
45,cfg45_yolov8s_SGD_lr0.005,yolov8s.pt,SGD,0.005,8,512,0.001,3,0.9875997877022868,0.7268034223456741,0.9706204504466267,0.9717514124293786,220.5
46,cfg46_yolov8s_SGD_lr0.005,yolov8s.pt,SGD,0.005,16,512,0.001,1,0.9822182147511104,0.6863594450073849,0.9723296786218824,0.9345754569158824,91.1
46,cfg46_yolov8s_SGD_lr0.005,yolov8s.pt,SGD,0.005,16,512,0.001,2,0.9652563604082213,0.6910341732424414,0.9404580270986034,0.9516129032258065,118.5
46,cfg46_yolov8s_SGD_lr0.005,yolov8s.pt,SGD,0.005,16,512,0.001,3,0.9798098809076379,0.7143546393646025,0.943844670545729,0.9495925948745851,135.1
47,cfg47_yolov8s_SGD_lr0.005,yolov8s.pt,SGD,0.005,8,640,0.001,1,0.9784851541299175,0.6835945817959843,0.9809009588015113,0.9468085106382979,294.6
47,cfg47_yolov8s_SGD_lr0.005,yolov8s.pt,SGD,0.005,8,640,0.001,2,0.9711132557507782,0.6880353397510504,0.9568064554881881,0.9086021505376344,165.8
47,cfg47_yolov8s_SGD_lr0.005,yolov8s.pt,SGD,0.005,8,640,0.001,3,0.9805790287499322,0.7085777237215481,0.9756290118491542,0.9378531073446328,171.8
48,cfg48_yolov8s_SGD_lr0.005,yolov8s.pt,SGD,0.005,16,640,0.001,1,0.9748844138726035,0.6911989290207666,0.9714024786833866,0.9521276595744681,270.7
48,cfg48_yolov8s_SGD_lr0.005,yolov8s.pt,SGD,0.005,16,640,0.001,2,0.9681301658997588,0.702841239375368,0.9455273733016372,0.946236559139785,270.4
48,cfg48_yolov8s_SGD_lr0.005,yolov8s.pt,SGD,0.005,16,640,0.001,3,0.9883876789930864,0.7284967830115642,0.9869924188300258,0.9378531073446328,270.6
49,cfg49_yolov8s_AdamW_lr0.001,yolov8s.pt,AdamW,0.001,8,512,0.0005,1,0.9789194478371659,0.6863692572232132,0.9776438737749713,0.9521276595744681,222.6
49,cfg49_yolov8s_AdamW_lr0.001,yolov8s.pt,AdamW,0.001,8,512,0.0005,2,0.9661829121959153,0.6883443027713588,0.9356860902329776,0.946236559139785,176.1
49,cfg49_yolov8s_AdamW_lr0.001,yolov8s.pt,AdamW,0.001,8,512,0.0005,3,0.9897204582376985,0.7243018425627162,0.9838221741031258,0.96045197740113,227.0
50,cfg50_yolov8s_AdamW_lr0.001,yolov8s.pt,AdamW,0.001,16,512,0.0005,1,0.9820837479739462,0.6891950791489404,0.9944326964910117,0.9501142603212759,201.1
50,cfg50_yolov8s_AdamW_lr0.001,yolov8s.pt,AdamW,0.001,16,512,0.0005,2,0.9651853405754272,0.697167901214029,0.9493964440351045,0.9408602150537635,201.6
50,cfg50_yolov8s_AdamW_lr0.001,yolov8s.pt,AdamW,0.001,16,512,0.0005,3,0.9882844089501391,0.7184396674824326,0.9780418702671544,0.9548022598870056,202.1
51,cfg51_yolov8s_AdamW_lr0.001,yolov8s.pt,AdamW,0.001,8,640,0.0005,1,0.9757972491653144,0.6781909061146937,0.9520523824198873,0.9505635675848442,255.2
51,cfg51_yolov8s_AdamW_lr0.001,yolov8s.pt,AdamW,0.001,8,640,0.0005,2,0.964276909411379,0.6900010417156393,0.9588727702804536,0.9247311827956989,302.0
51,cfg51_yolov8s_AdamW_lr0.001,yolov8s.pt,AdamW,0.001,8,640,0.0005,3,0.9811817475058351,0.7000664040803292,0.9705141139516139,0.96045197740113,302.3
52,cfg52_yolov8s_AdamW_lr0.001,yolov8s.pt,AdamW,0.001,16,640,0.0005,1,0.9819161477654916,0.6792320600715651,0.9898794660094095,0.9308510638297872,276.9
52,cfg52_yolov8s_AdamW_lr0.001,yolov8s.pt,AdamW,0.001,16,640,0.0005,2,0.9524541704996176,0.684686404872589,0.960560554206209,0.916605853164993,256.5
52,cfg52_yolov8s_AdamW_lr0.001,yolov8s.pt,AdamW,0.001,16,640,0.0005,3,0.9720067228533781,0.6928846205171821,0.970748043144155,0.9374526714130939,277.3
53,cfg53_yolov8s_AdamW_lr0.001,yolov8s.pt,AdamW,0.001,8,512,0.001,1,0.9816899069339068,0.6900420290893834,0.9832070500515669,0.934296150253597,223.0
53,cfg53_yolov8s_AdamW_lr0.001,yolov8s.pt,AdamW,0.001,8,512,0.001,2,0.9780012996989217,0.6973579187714437,0.941702116242163,0.9553077196073015,220.3
53,cfg53_yolov8s_AdamW_lr0.001,yolov8s.pt,AdamW,0.001,8,512,0.001,3,0.9882826519859979,0.7204799353281863,0.9882130800682837,0.9473496902875433,225.6
54,cfg54_yolov8s_AdamW_lr0.001,yolov8s.pt,AdamW,0.001,16,512,0.001,1,0.9818500256558822,0.6780759278275303,0.9526363426389337,0.962868129058454,200.3
54,cfg54_yolov8s_AdamW_lr0.001,yolov8s.pt,AdamW,0.001,16,512,0.001,2,0.9683553056285797,0.696678399531762,0.9721945766845415,0.9399024309418575,200.4
54,cfg54_yolov8s_AdamW_lr0.001,yolov8s.pt,AdamW,0.001,16,512,0.001,3,0.9871495434063419,0.714737996326175,0.9708844162426034,0.9419801700875147,201.1
55,cfg55_yolov8s_AdamW_lr0.001,yolov8s.pt,AdamW,0.001,8,640,0.001,1,0.9794312800766674,0.6803888984225797,0.9724735345928149,0.9395991239962872,298.9
55,cfg55_yolov8s_AdamW_lr0.001,yolov8s.pt,AdamW,0.001,8,640,0.001,2,0.9708761391343482,0.6901922557095146,0.9227773912473456,0.9354838709677419,273.4
55,cfg55_yolov8s_AdamW_lr0.001,yolov8s.pt,AdamW,0.001,8,640,0.001,3,0.976066580335837,0.6992105665357706,0.9490147518833176,0.9378531073446328,296.5
56,cfg56_yolov8s_AdamW_lr0.001,yolov8s.pt,AdamW,0.001,16,640,0.001,1,0.9792189041271893,0.6797992306726993,0.9714590692600962,0.9574468085106383,258.1
56,cfg56_yolov8s_AdamW_lr0.001,yolov8s.pt,AdamW,0.001,16,640,0.001,2,0.9545721827629206,0.6849166913796757,0.9392601138330484,0.9145193889972039,189.5
56,cfg56_yolov8s_AdamW_lr0.001,yolov8s.pt,AdamW,0.001,16,640,0.001,3,0.9802874106134306,0.6987541643475541,0.9705070800261013,0.9295688238981815,271.5
57,cfg57_yolov8s_AdamW_lr0.005,yolov8s.pt,AdamW,0.005,8,512,0.0005,1,0.980996758116447,0.6797535817105612,0.9678267638482273,0.960062500149861,224.9
57,cfg57_yolov8s_AdamW_lr0.005,yolov8s.pt,AdamW,0.005,8,512,0.0005,2,0.9620911890768435,0.6712518457992178,0.9486841745532,0.9139784946236559,227.7
57,cfg57_yolov8s_AdamW_lr0.005,yolov8s.pt,AdamW,0.005,8,512,0.0005,3,0.9761975334228128,0.6837052858032096,0.9818368256896606,0.9265536723163842,227.1
58,cfg58_yolov8s_AdamW_lr0.005,yolov8s.pt,AdamW,0.005,16,512,0.0005,1,0.9857449535334685,0.6859977299859948,0.9627477444412644,0.96227941001299,202.1
58,cfg58_yolov8s_AdamW_lr0.005,yolov8s.pt,AdamW,0.005,16,512,0.0005,2,0.9684784710589853,0.6796812426354117,0.9262961569267876,0.9247311827956989,201.9
58,cfg58_yolov8s_AdamW_lr0.005,yolov8s.pt,AdamW,0.005,16,512,0.0005,3,0.9816471062939424,0.6954936651466379,0.9655163172782216,0.9491263490668784,204.0
59,cfg59_yolov8s_AdamW_lr0.005,yolov8s.pt,AdamW,0.005,8,640,0.0005,1,0.977115615365868,0.6787455400890294,0.9888317072774416,0.9468085106382979,301.4
59,cfg59_yolov8s_AdamW_lr0.005,yolov8s.pt,AdamW,0.005,8,640,0.0005,2,0.9691859364450279,0.6791131785769154,0.9560085453271457,0.9346999329078182,303.8
59,cfg59_yolov8s_AdamW_lr0.005,yolov8s.pt,AdamW,0.005,8,640,0.0005,3,0.9701478573483091,0.6737728629761925,0.9277527567651024,0.9209039548022598,304.5
60,cfg60_yolov8s_AdamW_lr0.005,yolov8s.pt,AdamW,0.005,16,640,0.0005,1,0.9841265199066236,0.6843983782882052,0.9783516198714005,0.9615547080086088,277.7
60,cfg60_yolov8s_AdamW_lr0.005,yolov8s.pt,AdamW,0.005,16,640,0.0005,2,0.9659414670033492,0.671767718655666,0.9687161349110721,0.9032258064516129,278.6
60,cfg60_yolov8s_AdamW_lr0.005,yolov8s.pt,AdamW,0.005,16,640,0.0005,3,0.9683752961191551,0.6882666758454092,0.9762441129962497,0.9287045991377441,279.1
61,cfg61_yolov8s_AdamW_lr0.005,yolov8s.pt,AdamW,0.005,8,512,0.001,1,0.9826130757239724,0.6804102141813864,0.9514528651269699,0.9521276595744681,225.1
61,cfg61_yolov8s_AdamW_lr0.005,yolov8s.pt,AdamW,0.005,8,512,0.001,2,0.9622782117694368,0.666716989782931,0.9514313303419448,0.9193548387096774,226.6
61,cfg61_yolov8s_AdamW_lr0.005,yolov8s.pt,AdamW,0.005,8,512,0.001,3,0.9821245399488928,0.6825374250169397,0.9648945206220748,0.9317172452765673,226.6
62,cfg62_yolov8s_AdamW_lr0.005,yolov8s.pt,AdamW,0.005,16,512,0.001,1,0.9779699983295448,0.6717497831166376,0.9833672171406665,0.9434466922746765,202.2
62,cfg62_yolov8s_AdamW_lr0.005,yolov8s.pt,AdamW,0.005,16,512,0.001,2,0.9668963600624657,0.6758871635530147,0.9461255928019466,0.9441836818897751,203.3
62,cfg62_yolov8s_AdamW_lr0.005,yolov8s.pt,AdamW,0.005,16,512,0.001,3,0.9894542848643197,0.6958274013164903,0.9660319024725804,0.9640544499301562,202.4
63,cfg63_yolov8s_AdamW_lr0.005,yolov8s.pt,AdamW,0.005,8,640,0.001,1,0.9811240148191925,0.6883951607773664,0.9750528558347369,0.9361702127659575,299.2
63,cfg63_yolov8s_AdamW_lr0.005,yolov8s.pt,AdamW,0.005,8,640,0.001,2,0.9611398040990075,0.6770948098508881,0.9553328268412068,0.9199083876503231,301.1
63,cfg63_yolov8s_AdamW_lr0.005,yolov8s.pt,AdamW,0.005,8,640,0.001,3,0.9605753153069693,0.6723068919121153,0.9780346812604876,0.8587570621468926,302.1
64,cfg64_yolov8s_AdamW_lr0.005,yolov8s.pt,AdamW,0.005,16,640,0.001,1,0.9844422936880234,0.6735183935556508,0.9781868374733288,0.954131903460011,276.9
64,cfg64_yolov8s_AdamW_lr0.005,yolov8s.pt,AdamW,0.005,16,640,0.001,2,0.9547150383897937,0.6707913093041135,0.9288499668199329,0.9301075268817204,276.8
64,cfg64_yolov8s_AdamW_lr0.005,yolov8s.pt,AdamW,0.005,16,640,0.001,3,0.9731200971023315,0.6900159386969342,0.9701118741570447,0.9169025325989217,277.7
